group,product,draw_id,url,why
1 · ưu tiên,lotto535,920,https://vietlott.vn/vi/trung-thuong/ket-qua-trung-thuong/535?id=00920&nocatche=1,kết quả và bảng giải chỉ có từ trang phụ (xosominhngoc)
1 · ưu tiên,lotto535,874,https://vietlott.vn/vi/trung-thuong/ket-qua-trung-thuong/535?id=00874&nocatche=1,Jackpot lệch giữa nguồn: 30.22 tỷ (bản ghi chính thức) vs 35.96 tỷ (trang phụ)
1 · ưu tiên,keno,297782,https://vietlott.vn/vi/trung-thuong/ket-qua-trung-thuong/view-detail-keno-result?id=0297782,trang chi tiết Keno: đọc ô bậc 5 trùng 4 số (150.000 đ hay 0 đ?) và các cửa phụ
1 · ưu tiên,keno,297778,https://vietlott.vn/vi/trung-thuong/ket-qua-trung-thuong/view-detail-keno-result?id=0297778,kỳ gần đây chỉ có từ trang phụ (xosominhngoc)
1 · ưu tiên,keno,297779,https://vietlott.vn/vi/trung-thuong/ket-qua-trung-thuong/view-detail-keno-result?id=0297779,kỳ gần đây chỉ có từ trang phụ (xosominhngoc)
1 · ưu tiên,keno,297780,https://vietlott.vn/vi/trung-thuong/ket-qua-trung-thuong/view-detail-keno-result?id=0297780,kỳ gần đây chỉ có từ trang phụ (xosominhngoc)
1 · ưu tiên,keno,297781,https://vietlott.vn/vi/trung-thuong/ket-qua-trung-thuong/view-detail-keno-result?id=0297781,kỳ gần đây chỉ có từ trang phụ (xosominhngoc)
1 · ưu tiên,bingo18,189249,https://vietlott.vn/vi/trung-thuong/ket-qua-trung-thuong/view-detail-bingo18-result?nocatche=1&id=0189249,kỳ gần đây chỉ có từ trang phụ (xosominhngoc); trang danh sách Bingo18 lưu bằng HAR phủ được nhiều kỳ
2 · mẫu Keno 2019–2022,keno,4073,https://vietlott.vn/vi/trung-thuong/ket-qua-trung-thuong/view-detail-keno-result?id=0004073,mẫu ngẫu nhiên phần chỉ có ở kho xoso.com.vn
2 · mẫu Keno 2019–2022,keno,11662,https://vietlott.vn/vi/trung-thuong/ket-qua-trung-thuong/view-detail-keno-result?id=0011662,mẫu ngẫu nhiên phần chỉ có ở kho xoso.com.vn
2 · mẫu Keno 2019–2022,keno,21549,https://vietlott.vn/vi/trung-thuong/ket-qua-trung-thuong/view-detail-keno-result?id=0021549,mẫu ngẫu nhiên phần chỉ có ở kho xoso.com.vn
2 · mẫu Keno 2019–2022,keno,23302,https://vietlott.vn/vi/trung-thuong/ket-qua-trung-thuong/view-detail-keno-result?id=0023302,mẫu ngẫu nhiên phần chỉ có ở kho xoso.com.vn
2 · mẫu Keno 2019–2022,keno,29314,https://vietlott.vn/vi/trung-thuong/ket-qua-trung-thuong/view-detail-keno-result?id=0029314,mẫu ngẫu nhiên phần chỉ có ở kho xoso.com.vn
2 · mẫu Keno 2019–2022,keno,31785,https://vietlott.vn/vi/trung-thuong/ket-qua-trung-thuong/view-detail-keno-result?id=0031785,mẫu ngẫu nhiên phần chỉ có ở kho xoso.com.vn
2 · mẫu Keno 2019–2022,keno,33457,https://vietlott.vn/vi/trung-thuong/ket-qua-trung-thuong/view-detail-keno-result?id=0033457,mẫu ngẫu nhiên phần chỉ có ở kho xoso.com.vn
2 · mẫu Keno 2019–2022,keno,44132,https://vietlott.vn/vi/trung-thuong/ket-qua-trung-thuong/view-detail-keno-result?id=0044132,mẫu ngẫu nhiên phần chỉ có ở kho xoso.com.vn
2 · mẫu Keno 2019–2022,keno,45482,https://vietlott.vn/vi/trung-thuong/ket-qua-trung-thuong/view-detail-keno-result?id=0045482,mẫu ngẫu nhiên phần chỉ có ở kho xoso.com.vn
2 · mẫu Keno 2019–2022,keno,53945,https://vietlott.vn/vi/trung-thuong/ket-qua-trung-thuong/view-detail-keno-result?id=0053945,mẫu ngẫu nhiên phần chỉ có ở kho xoso.com.vn
2 · mẫu Keno 2019–2022,keno,58631,https://vietlott.vn/vi/trung-thuong/ket-qua-trung-thuong/view-detail-keno-result?id=0058631,mẫu ngẫu nhiên phần chỉ có ở kho xoso.com.vn
2 · mẫu Keno 2019–2022,keno,71075,https://vietlott.vn/vi/trung-thuong/ket-qua-trung-thuong/view-detail-keno-result?id=0071075,mẫu ngẫu nhiên phần chỉ có ở kho xoso.com.vn
2 · mẫu Keno 2019–2022,keno,87236,https://vietlott.vn/vi/trung-thuong/ket-qua-trung-thuong/view-detail-keno-result?id=0087236,mẫu ngẫu nhiên phần chỉ có ở kho xoso.com.vn
2 · mẫu Keno 2019–2022,keno,129264,https://vietlott.vn/vi/trung-thuong/ket-qua-trung-thuong/view-detail-keno-result?id=0129264,mẫu ngẫu nhiên phần chỉ có ở kho xoso.com.vn
2 · mẫu Keno 2019–2022,keno,134156,https://vietlott.vn/vi/trung-thuong/ket-qua-trung-thuong/view-detail-keno-result?id=0134156,mẫu ngẫu nhiên phần chỉ có ở kho xoso.com.vn
2 · mẫu Keno 2019–2022,keno,137627,https://vietlott.vn/vi/trung-thuong/ket-qua-trung-thuong/view-detail-keno-result?id=0137627,mẫu ngẫu nhiên phần chỉ có ở kho xoso.com.vn
2 · mẫu Keno 2019–2022,keno,142293,https://vietlott.vn/vi/trung-thuong/ket-qua-trung-thuong/view-detail-keno-result?id=0142293,mẫu ngẫu nhiên phần chỉ có ở kho xoso.com.vn
2 · mẫu Keno 2019–2022,keno,160250,https://vietlott.vn/vi/trung-thuong/ket-qua-trung-thuong/view-detail-keno-result?id=0160250,mẫu ngẫu nhiên phần chỉ có ở kho xoso.com.vn
2 · mẫu Keno 2019–2022,keno,162282,https://vietlott.vn/vi/trung-thuong/ket-qua-trung-thuong/view-detail-keno-result?id=0162282,mẫu ngẫu nhiên phần chỉ có ở kho xoso.com.vn
2 · mẫu Keno 2019–2022,keno,165051,https://vietlott.vn/vi/trung-thuong/ket-qua-trung-thuong/view-detail-keno-result?id=0165051,mẫu ngẫu nhiên phần chỉ có ở kho xoso.com.vn
2 · mẫu Keno 2019–2022,keno,167849,https://vietlott.vn/vi/trung-thuong/ket-qua-trung-thuong/view-detail-keno-result?id=0167849,mẫu ngẫu nhiên phần chỉ có ở kho xoso.com.vn
2 · mẫu Keno 2019–2022,keno,181644,https://vietlott.vn/vi/trung-thuong/ket-qua-trung-thuong/view-detail-keno-result?id=0181644,mẫu ngẫu nhiên phần chỉ có ở kho xoso.com.vn
2 · mẫu Keno 2019–2022,keno,203796,https://vietlott.vn/vi/trung-thuong/ket-qua-trung-thuong/view-detail-keno-result?id=0203796,mẫu ngẫu nhiên phần chỉ có ở kho xoso.com.vn
2 · mẫu Keno 2019–2022,keno,204027,https://vietlott.vn/vi/trung-thuong/ket-qua-trung-thuong/view-detail-keno-result?id=0204027,mẫu ngẫu nhiên phần chỉ có ở kho xoso.com.vn
2 · mẫu Keno 2019–2022,keno,207728,https://vietlott.vn/vi/trung-thuong/ket-qua-trung-thuong/view-detail-keno-result?id=0207728,mẫu ngẫu nhiên phần chỉ có ở kho xoso.com.vn
2 · mẫu Keno 2019–2022,keno,211787,https://vietlott.vn/vi/trung-thuong/ket-qua-trung-thuong/view-detail-keno-result?id=0211787,mẫu ngẫu nhiên phần chỉ có ở kho xoso.com.vn
2 · mẫu Keno 2019–2022,keno,213396,https://vietlott.vn/vi/trung-thuong/ket-qua-trung-thuong/view-detail-keno-result?id=0213396,mẫu ngẫu nhiên phần chỉ có ở kho xoso.com.vn
2 · mẫu Keno 2019–2022,keno,215861,https://vietlott.vn/vi/trung-thuong/ket-qua-trung-thuong/view-detail-keno-result?id=0215861,mẫu ngẫu nhiên phần chỉ có ở kho xoso.com.vn
2 · mẫu Keno 2019–2022,keno,226824,https://vietlott.vn/vi/trung-thuong/ket-qua-trung-thuong/view-detail-keno-result?id=0226824,mẫu ngẫu nhiên phần chỉ có ở kho xoso.com.vn
2 · mẫu Keno 2019–2022,keno,226830,https://vietlott.vn/vi/trung-thuong/ket-qua-trung-thuong/view-detail-keno-result?id=0226830,mẫu ngẫu nhiên phần chỉ có ở kho xoso.com.vn
3 · mẫu Bingo18,bingo18,135672,https://vietlott.vn/vi/trung-thuong/ket-qua-trung-thuong/view-detail-bingo18-result?nocatche=1&id=0135672,mẫu ngẫu nhiên phần kho ghi nguồn 'unknown'
3 · mẫu Bingo18,bingo18,136069,https://vietlott.vn/vi/trung-thuong/ket-qua-trung-thuong/view-detail-bingo18-result?nocatche=1&id=0136069,mẫu ngẫu nhiên phần kho ghi nguồn 'unknown'
3 · mẫu Bingo18,bingo18,136807,https://vietlott.vn/vi/trung-thuong/ket-qua-trung-thuong/view-detail-bingo18-result?nocatche=1&id=0136807,mẫu ngẫu nhiên phần kho ghi nguồn 'unknown'
3 · mẫu Bingo18,bingo18,138225,https://vietlott.vn/vi/trung-thuong/ket-qua-trung-thuong/view-detail-bingo18-result?nocatche=1&id=0138225,mẫu ngẫu nhiên phần kho ghi nguồn 'unknown'
3 · mẫu Bingo18,bingo18,139399,https://vietlott.vn/vi/trung-thuong/ket-qua-trung-thuong/view-detail-bingo18-result?nocatche=1&id=0139399,mẫu ngẫu nhiên phần kho ghi nguồn 'unknown'
3 · mẫu Bingo18,bingo18,141000,https://vietlott.vn/vi/trung-thuong/ket-qua-trung-thuong/view-detail-bingo18-result?nocatche=1&id=0141000,mẫu ngẫu nhiên phần kho ghi nguồn 'unknown'
3 · mẫu Bingo18,bingo18,141489,https://vietlott.vn/vi/trung-thuong/ket-qua-trung-thuong/view-detail-bingo18-result?nocatche=1&id=0141489,mẫu ngẫu nhiên phần kho ghi nguồn 'unknown'
3 · mẫu Bingo18,bingo18,143779,https://vietlott.vn/vi/trung-thuong/ket-qua-trung-thuong/view-detail-bingo18-result?nocatche=1&id=0143779,mẫu ngẫu nhiên phần kho ghi nguồn 'unknown'
3 · mẫu Bingo18,bingo18,144913,https://vietlott.vn/vi/trung-thuong/ket-qua-trung-thuong/view-detail-bingo18-result?nocatche=1&id=0144913,mẫu ngẫu nhiên phần kho ghi nguồn 'unknown'
3 · mẫu Bingo18,bingo18,145469,https://vietlott.vn/vi/trung-thuong/ket-qua-trung-thuong/view-detail-bingo18-result?nocatche=1&id=0145469,mẫu ngẫu nhiên phần kho ghi nguồn 'unknown'
4 · khoảng trống Keno,keno,32998,https://vietlott.vn/vi/trung-thuong/ket-qua-trung-thuong/view-detail-keno-result?id=0032998,mã kỳ không có trong dữ liệu: có kỳ quay này không?
4 · khoảng trống Keno,keno,295698,https://vietlott.vn/vi/trung-thuong/ket-qua-trung-thuong/view-detail-keno-result?id=0295698,mã kỳ không có trong dữ liệu: có kỳ quay này không?
4 · khoảng trống Keno,keno,297355,https://vietlott.vn/vi/trung-thuong/ket-qua-trung-thuong/view-detail-keno-result?id=0297355,mã kỳ không có trong dữ liệu: có kỳ quay này không?
4 · khoảng trống Keno,keno,297458,https://vietlott.vn/vi/trung-thuong/ket-qua-trung-thuong/view-detail-keno-result?id=0297458,mã kỳ không có trong dữ liệu: có kỳ quay này không?
4 · khoảng trống Keno,keno,297485,https://vietlott.vn/vi/trung-thuong/ket-qua-trung-thuong/view-detail-keno-result?id=0297485,mã kỳ không có trong dữ liệu: có kỳ quay này không?
4 · khoảng trống Keno,keno,297502,https://vietlott.vn/vi/trung-thuong/ket-qua-trung-thuong/view-detail-keno-result?id=0297502,mã kỳ không có trong dữ liệu: có kỳ quay này không?
4 · khoảng trống Keno,keno,297525,https://vietlott.vn/vi/trung-thuong/ket-qua-trung-thuong/view-detail-keno-result?id=0297525,mã kỳ không có trong dữ liệu: có kỳ quay này không?
4 · khoảng trống Keno,keno,297715,https://vietlott.vn/vi/trung-thuong/ket-qua-trung-thuong/view-detail-keno-result?id=0297715,mã kỳ không có trong dữ liệu: có kỳ quay này không?
4 · khoảng trống Keno,keno,297725,https://vietlott.vn/vi/trung-thuong/ket-qua-trung-thuong/view-detail-keno-result?id=0297725,mã kỳ không có trong dữ liệu: có kỳ quay này không?
4 · khoảng trống Keno,keno,297740,https://vietlott.vn/vi/trung-thuong/ket-qua-trung-thuong/view-detail-keno-result?id=0297740,mã kỳ không có trong dữ liệu: có kỳ quay này không?
